filename,width,height,class,xmin,ymin,xmax,ymax,X Coordinate,Y Coordinate
sitting-53_jpg.rf.8c1f9bd7b4696551a69d3b644ab4785b.jpg,416,278,right eye,160,97,170,105,165,101
sitting-53_jpg.rf.8c1f9bd7b4696551a69d3b644ab4785b.jpg,416,278,left eye,176,100,185,107,180.5,103.5
sitting-53_jpg.rf.8c1f9bd7b4696551a69d3b644ab4785b.jpg,416,278,nose,168,102,177,112,172.5,107
sitting-53_jpg.rf.8c1f9bd7b4696551a69d3b644ab4785b.jpg,416,278,right ear,151,103,157,115,154,109
sitting-53_jpg.rf.8c1f9bd7b4696551a69d3b644ab4785b.jpg,416,278,left ear,188,106,191,117,189.5,111.5
sitting-53_jpg.rf.8c1f9bd7b4696551a69d3b644ab4785b.jpg,416,278,neck,156,122,189,139,172.5,130.5
sitting-53_jpg.rf.8c1f9bd7b4696551a69d3b644ab4785b.jpg,416,278,left wrist,197,131,222,149,209.5,140
sitting-53_jpg.rf.8c1f9bd7b4696551a69d3b644ab4785b.jpg,416,278,left shoulder,197,131,222,150,209.5,140.5
sitting-53_jpg.rf.8c1f9bd7b4696551a69d3b644ab4785b.jpg,416,278,left elbow,198,131,222,149,210,140
sitting-53_jpg.rf.8c1f9bd7b4696551a69d3b644ab4785b.jpg,416,278,right wrist,123,132,146,150,134.5,141
sitting-53_jpg.rf.8c1f9bd7b4696551a69d3b644ab4785b.jpg,416,278,right shoulder,122,133,145,151,133.5,142
sitting-53_jpg.rf.8c1f9bd7b4696551a69d3b644ab4785b.jpg,416,278,right elbow,123,133,146,151,134.5,142
sitting-53_jpg.rf.8c1f9bd7b4696551a69d3b644ab4785b.jpg,416,278,right hip,133,173,155,195,144,184
sitting-53_jpg.rf.8c1f9bd7b4696551a69d3b644ab4785b.jpg,416,278,left hip,173,171,202,198,187.5,184.5
sitting-53_jpg.rf.8c1f9bd7b4696551a69d3b644ab4785b.jpg,416,278,left knee,226,192,260,219,243,205.5
sitting-53_jpg.rf.8c1f9bd7b4696551a69d3b644ab4785b.jpg,416,278,left ankle,226,192,260,219,243,205.5
sitting-53_jpg.rf.8c1f9bd7b4696551a69d3b644ab4785b.jpg,416,278,right knee,64,197,96,222,80,209.5
sitting-53_jpg.rf.8c1f9bd7b4696551a69d3b644ab4785b.jpg,416,278,right ankle,65,197,95,222,80,209.5
sitting-59_jpg.rf.972a06bbc754a0a8dabf61abfb6ff2f7.jpg,416,278,left eye,201,67,208,74,204.5,70.5
sitting-59_jpg.rf.972a06bbc754a0a8dabf61abfb6ff2f7.jpg,416,278,right eye,187,70,196,75,191.5,72.5
sitting-59_jpg.rf.972a06bbc754a0a8dabf61abfb6ff2f7.jpg,416,278,left elbow,242,66,257,82,249.5,74
sitting-59_jpg.rf.972a06bbc754a0a8dabf61abfb6ff2f7.jpg,416,278,right wrist,167,67,175,82,171,74.5
sitting-59_jpg.rf.972a06bbc754a0a8dabf61abfb6ff2f7.jpg,416,278,nose,195,71,204,78,199.5,74.5
sitting-59_jpg.rf.972a06bbc754a0a8dabf61abfb6ff2f7.jpg,416,278,right elbow,136,66,160,84,148,75
sitting-59_jpg.rf.972a06bbc754a0a8dabf61abfb6ff2f7.jpg,416,278,left wrist,213,68,220,82,216.5,75
sitting-59_jpg.rf.972a06bbc754a0a8dabf61abfb6ff2f7.jpg,416,278,left ear,205,73,209,82,207,77.5
sitting-59_jpg.rf.972a06bbc754a0a8dabf61abfb6ff2f7.jpg,416,278,right ear,179,76,186,87,182.5,81.5
sitting-59_jpg.rf.972a06bbc754a0a8dabf61abfb6ff2f7.jpg,416,278,neck,187,90,207,103,197,96.5
sitting-59_jpg.rf.972a06bbc754a0a8dabf61abfb6ff2f7.jpg,416,278,left shoulder,215,94,230,111,222.5,102.5
sitting-59_jpg.rf.972a06bbc754a0a8dabf61abfb6ff2f7.jpg,416,278,right shoulder,162,94,178,112,170,103
sitting-59_jpg.rf.972a06bbc754a0a8dabf61abfb6ff2f7.jpg,416,278,left hip,209,145,230,161,219.5,153
sitting-59_jpg.rf.972a06bbc754a0a8dabf61abfb6ff2f7.jpg,416,278,right hip,176,147,199,165,187.5,156
sitting-59_jpg.rf.972a06bbc754a0a8dabf61abfb6ff2f7.jpg,416,278,left knee,223,160,249,183,236,171.5
sitting-59_jpg.rf.972a06bbc754a0a8dabf61abfb6ff2f7.jpg,416,278,right knee,189,162,212,183,200.5,172.5
sitting-59_jpg.rf.972a06bbc754a0a8dabf61abfb6ff2f7.jpg,416,278,left ankle,218,222,235,239,226.5,230.5
sitting-59_jpg.rf.972a06bbc754a0a8dabf61abfb6ff2f7.jpg,416,278,right ankle,206,228,220,247,213,237.5
sitting-52_jpg.rf.7c49faf2c09ea0ee2d4b87e21a727cc5.jpg,416,280,left eye,180,81,186,84,183,82.5
sitting-52_jpg.rf.7c49faf2c09ea0ee2d4b87e21a727cc5.jpg,416,280,right eye,171,83,178,87,174.5,85
sitting-52_jpg.rf.7c49faf2c09ea0ee2d4b87e21a727cc5.jpg,416,280,nose,177,84,183,89,180,86.5
sitting-52_jpg.rf.7c49faf2c09ea0ee2d4b87e21a727cc5.jpg,416,280,left ear,189,85,191,90,190,87.5
sitting-52_jpg.rf.7c49faf2c09ea0ee2d4b87e21a727cc5.jpg,416,280,right ear,166,92,173,99,169.5,95.5
sitting-52_jpg.rf.7c49faf2c09ea0ee2d4b87e21a727cc5.jpg,416,280,left wrist,256,99,265,107,260.5,103
sitting-52_jpg.rf.7c49faf2c09ea0ee2d4b87e21a727cc5.jpg,416,280,neck,175,99,195,110,185,104.5
sitting-52_jpg.rf.7c49faf2c09ea0ee2d4b87e21a727cc5.jpg,416,280,left knee,258,101,272,116,265,108.5
sitting-52_jpg.rf.7c49faf2c09ea0ee2d4b87e21a727cc5.jpg,416,280,left shoulder,201,104,215,116,208,110
sitting-52_jpg.rf.7c49faf2c09ea0ee2d4b87e21a727cc5.jpg,416,280,left elbow,231,112,243,124,237,118
sitting-52_jpg.rf.7c49faf2c09ea0ee2d4b87e21a727cc5.jpg,416,280,right shoulder,164,116,181,132,172.5,124
sitting-52_jpg.rf.7c49faf2c09ea0ee2d4b87e21a727cc5.jpg,416,280,right hip,223,139,240,152,231.5,145.5
sitting-52_jpg.rf.7c49faf2c09ea0ee2d4b87e21a727cc5.jpg,416,280,left ankle,276,146,295,163,285.5,154.5
sitting-52_jpg.rf.7c49faf2c09ea0ee2d4b87e21a727cc5.jpg,416,280,right hip,201,148,219,163,210,155.5
sitting-52_jpg.rf.7c49faf2c09ea0ee2d4b87e21a727cc5.jpg,416,280,right knee,235,152,252,169,243.5,160.5
sitting-52_jpg.rf.7c49faf2c09ea0ee2d4b87e21a727cc5.jpg,416,280,right elbow,164,157,178,167,171,162
sitting-52_jpg.rf.7c49faf2c09ea0ee2d4b87e21a727cc5.jpg,416,280,right wrist,168,190,177,199,172.5,194.5
sitting-52_jpg.rf.7c49faf2c09ea0ee2d4b87e21a727cc5.jpg,416,280,right ankle,257,216,280,237,268.5,226.5
sitting-75_jpg.rf.42a7f5dd56a591c73ce40305d7c623cf.jpg,292,416,right shoulder,68,81,101,119,84.5,100
sitting-75_jpg.rf.42a7f5dd56a591c73ce40305d7c623cf.jpg,292,416,left shoulder,186,83,220,127,203,105
sitting-75_jpg.rf.42a7f5dd56a591c73ce40305d7c623cf.jpg,292,416,right elbow,5,108,40,141,22.5,124.5
sitting-75_jpg.rf.42a7f5dd56a591c73ce40305d7c623cf.jpg,292,416,left elbow,245,110,279,149,262,129.5
sitting-75_jpg.rf.42a7f5dd56a591c73ce40305d7c623cf.jpg,292,416,left hip,159,208,197,253,178,230.5
sitting-75_jpg.rf.42a7f5dd56a591c73ce40305d7c623cf.jpg,292,416,right hip,97,208,136,254,116.5,231
sitting-75_jpg.rf.42a7f5dd56a591c73ce40305d7c623cf.jpg,292,416,right eye,133,21,150,31,141.5,26
sitting-75_jpg.rf.42a7f5dd56a591c73ce40305d7c623cf.jpg,292,416,left eye,157,21,170,33,163.5,27
sitting-75_jpg.rf.42a7f5dd56a591c73ce40305d7c623cf.jpg,292,416,left knee,244,253,289,296,266.5,274.5
sitting-75_jpg.rf.42a7f5dd56a591c73ce40305d7c623cf.jpg,292,416,right knee,42,257,92,296,67,276.5
sitting-75_jpg.rf.42a7f5dd56a591c73ce40305d7c623cf.jpg,292,416,nose,144,24,161,35,152.5,29.5
sitting-75_jpg.rf.42a7f5dd56a591c73ce40305d7c623cf.jpg,292,416,left ankle,236,370,271,401,253.5,385.5
sitting-75_jpg.rf.42a7f5dd56a591c73ce40305d7c623cf.jpg,292,416,right ankle,53,372,82,401,67.5,386.5
sitting-75_jpg.rf.42a7f5dd56a591c73ce40305d7c623cf.jpg,292,416,right ear,120,41,132,57,126,49
sitting-75_jpg.rf.42a7f5dd56a591c73ce40305d7c623cf.jpg,292,416,left ear,170,42,178,61,174,51.5
sitting-75_jpg.rf.42a7f5dd56a591c73ce40305d7c623cf.jpg,292,416,right wrist,9,52,38,76,23.5,64
sitting-75_jpg.rf.42a7f5dd56a591c73ce40305d7c623cf.jpg,292,416,left wrist,256,58,285,80,270.5,69
sitting-75_jpg.rf.42a7f5dd56a591c73ce40305d7c623cf.jpg,292,416,neck,127,55,173,91,150,73
sitting-67_jpg.rf.da745f653be07a71022eaa9fab396c17.jpg,416,234,left elbow,245,129,272,149,258.5,139
sitting-67_jpg.rf.da745f653be07a71022eaa9fab396c17.jpg,416,234,right elbow,140,132,166,157,153,144.5
sitting-67_jpg.rf.da745f653be07a71022eaa9fab396c17.jpg,416,234,right hip,168,158,198,190,183,174
sitting-67_jpg.rf.da745f653be07a71022eaa9fab396c17.jpg,416,234,left wrist,283,166,298,186,290.5,176
sitting-67_jpg.rf.da745f653be07a71022eaa9fab396c17.jpg,416,234,right wrist,116,167,135,187,125.5,177
sitting-67_jpg.rf.da745f653be07a71022eaa9fab396c17.jpg,416,234,left hip,213,162,243,195,228,178.5
sitting-67_jpg.rf.da745f653be07a71022eaa9fab396c17.jpg,416,234,left ankle,279,184,311,225,295,204.5
sitting-67_jpg.rf.da745f653be07a71022eaa9fab396c17.jpg,416,234,left knww,278,184,312,225,295,204.5
sitting-67_jpg.rf.da745f653be07a71022eaa9fab396c17.jpg,416,234,right knee,102,190,135,222,118.5,206
sitting-67_jpg.rf.da745f653be07a71022eaa9fab396c17.jpg,416,234,right ankle,189,202,222,229,205.5,215.5
sitting-67_jpg.rf.da745f653be07a71022eaa9fab396c17.jpg,416,234,left eye,206,30,218,39,212,34.5
sitting-67_jpg.rf.da745f653be07a71022eaa9fab396c17.jpg,416,234,right eye,188,29,203,40,195.5,34.5
sitting-67_jpg.rf.da745f653be07a71022eaa9fab396c17.jpg,416,234,left ear,220,31,228,46,224,38.5
sitting-67_jpg.rf.da745f653be07a71022eaa9fab396c17.jpg,416,234,right ear,183,35,192,48,187.5,41.5
sitting-67_jpg.rf.da745f653be07a71022eaa9fab396c17.jpg,416,234,nose,199,38,210,47,204.5,42.5
sitting-67_jpg.rf.da745f653be07a71022eaa9fab396c17.jpg,416,234,neck,190,54,224,80,207,67
sitting-67_jpg.rf.da745f653be07a71022eaa9fab396c17.jpg,416,234,left shoulder,232,70,258,99,245,84.5
sitting-67_jpg.rf.da745f653be07a71022eaa9fab396c17.jpg,416,234,right shoulder,155,72,182,98,168.5,85
sitting-65_jpg.rf.11362d6c99f8c6b85928c3392aecd16b.jpg,334,416,left eye,178,68,194,86,186,77
sitting-65_jpg.rf.11362d6c99f8c6b85928c3392aecd16b.jpg,334,416,left ear,180,69,195,87,187.5,78
sitting-65_jpg.rf.11362d6c99f8c6b85928c3392aecd16b.jpg,334,416,right eye,152,72,174,86,163,79
sitting-65_jpg.rf.11362d6c99f8c6b85928c3392aecd16b.jpg,334,416,nose,168,80,190,99,179,89.5
sitting-65_jpg.rf.11362d6c99f8c6b85928c3392aecd16b.jpg,334,416,right ear,134,85,149,112,141.5,98.5
sitting-65_jpg.rf.11362d6c99f8c6b85928c3392aecd16b.jpg,334,416,neck,145,119,195,156,170,137.5
sitting-65_jpg.rf.11362d6c99f8c6b85928c3392aecd16b.jpg,334,416,left shoulder,212,144,251,185,231.5,164.5
sitting-65_jpg.rf.11362d6c99f8c6b85928c3392aecd16b.jpg,334,416,right elbow,93,145,128,185,110.5,165
sitting-65_jpg.rf.11362d6c99f8c6b85928c3392aecd16b.jpg,334,416,right wrist,89,146,134,188,111.5,167
sitting-65_jpg.rf.11362d6c99f8c6b85928c3392aecd16b.jpg,334,416,right shoulder,93,149,130,188,111.5,168.5
sitting-65_jpg.rf.11362d6c99f8c6b85928c3392aecd16b.jpg,334,416,left wrist,219,219,251,252,235,235.5
sitting-65_jpg.rf.11362d6c99f8c6b85928c3392aecd16b.jpg,334,416,left elbow,218,217,253,253,235.5,235
sitting-65_jpg.rf.11362d6c99f8c6b85928c3392aecd16b.jpg,334,416,left knee,178,282,228,326,203,304
sitting-65_jpg.rf.11362d6c99f8c6b85928c3392aecd16b.jpg,334,416,left ankle,180,284,229,327,204.5,305.5
sitting-65_jpg.rf.11362d6c99f8c6b85928c3392aecd16b.jpg,334,416,right hip,114,279,163,333,138.5,306
sitting-65_jpg.rf.11362d6c99f8c6b85928c3392aecd16b.jpg,334,416,left hip,175,282,230,330,202.5,306
sitting-65_jpg.rf.11362d6c99f8c6b85928c3392aecd16b.jpg,334,416,right ankle,107,354,168,402,137.5,378
sitting-65_jpg.rf.11362d6c99f8c6b85928c3392aecd16b.jpg,334,416,right knee,103,352,170,407,136.5,379.5
sitting-55_jpg.rf.aa3b0abf3943d79995639e52bb0629df.jpg,416,272,left eye,192,76,203,82,197.5,79
sitting-55_jpg.rf.aa3b0abf3943d79995639e52bb0629df.jpg,416,272,left ear,207,72,215,88,211,80
sitting-55_jpg.rf.aa3b0abf3943d79995639e52bb0629df.jpg,416,272,right eye,174,79,186,86,180,82.5
sitting-55_jpg.rf.aa3b0abf3943d79995639e52bb0629df.jpg,416,272,nose,184,82,196,94,190,88
sitting-55_jpg.rf.aa3b0abf3943d79995639e52bb0629df.jpg,416,272,right ear,167,82,175,97,171,89.5
sitting-55_jpg.rf.aa3b0abf3943d79995639e52bb0629df.jpg,416,272,left elbow,287,97,308,119,297.5,108
sitting-55_jpg.rf.aa3b0abf3943d79995639e52bb0629df.jpg,416,272,left wrist,353,102,363,118,358,110
sitting-55_jpg.rf.aa3b0abf3943d79995639e52bb0629df.jpg,416,272,left shoulder,230,99,253,131,241.5,115
sitting-55_jpg.rf.aa3b0abf3943d79995639e52bb0629df.jpg,416,272,neck,182,106,213,126,197.5,116
sitting-55_jpg.rf.aa3b0abf3943d79995639e52bb0629df.jpg,416,272,right shoulder,147,120,174,150,160.5,135
sitting-55_jpg.rf.aa3b0abf3943d79995639e52bb0629df.jpg,416,272,right wrist,115,166,144,183,129.5,174.5
sitting-55_jpg.rf.aa3b0abf3943d79995639e52bb0629df.jpg,416,272,right elbow,114,166,144,184,129,175
sitting-55_jpg.rf.aa3b0abf3943d79995639e52bb0629df.jpg,416,272,left knee,243,206,271,234,257,220
sitting-55_jpg.rf.aa3b0abf3943d79995639e52bb0629df.jpg,416,272,left ankle,244,207,270,233,257,220
sitting-55_jpg.rf.aa3b0abf3943d79995639e52bb0629df.jpg,416,272,left hip,214,205,239,236,226.5,220.5
sitting-55_jpg.rf.aa3b0abf3943d79995639e52bb0629df.jpg,416,272,right hip,169,205,196,240,182.5,222.5
sitting-55_jpg.rf.aa3b0abf3943d79995639e52bb0629df.jpg,416,272,right knee,139,209,174,242,156.5,225.5
sitting-55_jpg.rf.aa3b0abf3943d79995639e52bb0629df.jpg,416,272,right ankle,141,210,173,241,157,225.5
sitting-70_jpg.rf.1d92f20998bc4efb9e7efbc53ae68273.jpg,292,416,left ankle,237,328,255,347,246,337.5
sitting-70_jpg.rf.1d92f20998bc4efb9e7efbc53ae68273.jpg,292,416,right ankle,236,327,258,348,247,337.5
sitting-70_jpg.rf.1d92f20998bc4efb9e7efbc53ae68273.jpg,292,416,right eye,154,40,162,48,158,44
sitting-70_jpg.rf.1d92f20998bc4efb9e7efbc53ae68273.jpg,292,416,left eye,156,41,162,48,159,44.5
sitting-70_jpg.rf.1d92f20998bc4efb9e7efbc53ae68273.jpg,292,416,nose,163,42,171,53,167,47.5
sitting-70_jpg.rf.1d92f20998bc4efb9e7efbc53ae68273.jpg,292,416,right ear,139,56,157,73,148,64.5
sitting-70_jpg.rf.1d92f20998bc4efb9e7efbc53ae68273.jpg,292,416,left ear,140,56,158,73,149,64.5
sitting-70_jpg.rf.1d92f20998bc4efb9e7efbc53ae68273.jpg,292,416,neck,143,75,173,100,158,87.5
sitting-70_jpg.rf.1d92f20998bc4efb9e7efbc53ae68273.jpg,292,416,left shoulder,137,96,166,120,151.5,108
sitting-70_jpg.rf.1d92f20998bc4efb9e7efbc53ae68273.jpg,292,416,right shoulder,135,96,165,121,150,108.5
sitting-70_jpg.rf.1d92f20998bc4efb9e7efbc53ae68273.jpg,292,416,right elbow,155,172,180,195,167.5,183.5
sitting-70_jpg.rf.1d92f20998bc4efb9e7efbc53ae68273.jpg,292,416,left elbow,156,172,180,195,168,183.5
sitting-70_jpg.rf.1d92f20998bc4efb9e7efbc53ae68273.jpg,292,416,right wrist,206,213,220,233,213,223
sitting-70_jpg.rf.1d92f20998bc4efb9e7efbc53ae68273.jpg,292,416,left wrist,206,213,220,233,213,223
sitting-70_jpg.rf.1d92f20998bc4efb9e7efbc53ae68273.jpg,292,416,left hip,119,209,163,253,141,231
sitting-70_jpg.rf.1d92f20998bc4efb9e7efbc53ae68273.jpg,292,416,right hip,118,209,162,254,140,231.5
sitting-70_jpg.rf.1d92f20998bc4efb9e7efbc53ae68273.jpg,292,416,left knee,227,234,257,262,242,248
sitting-70_jpg.rf.1d92f20998bc4efb9e7efbc53ae68273.jpg,292,416,right knee,226,234,258,264,242,249
sitting-60_jpg.rf.db91d90a8b96cbaa8a5a86c4e877164a.jpg,416,304,right eye,204,115,210,121,207,118
sitting-60_jpg.rf.db91d90a8b96cbaa8a5a86c4e877164a.jpg,416,304,left eye,213,119,218,124,215.5,121.5
sitting-60_jpg.rf.db91d90a8b96cbaa8a5a86c4e877164a.jpg,416,304,right ear,200,117,203,125,201.5,121
sitting-60_jpg.rf.db91d90a8b96cbaa8a5a86c4e877164a.jpg,416,304,nose,208,118,213,126,210.5,122
sitting-60_jpg.rf.db91d90a8b96cbaa8a5a86c4e877164a.jpg,416,304,left ear,218,122,220,130,219,126
sitting-60_jpg.rf.db91d90a8b96cbaa8a5a86c4e877164a.jpg,416,304,neck,197,130,214,140,205.5,135
sitting-60_jpg.rf.db91d90a8b96cbaa8a5a86c4e877164a.jpg,416,304,left shoulder,220,131,233,146,226.5,138.5
sitting-60_jpg.rf.db91d90a8b96cbaa8a5a86c4e877164a.jpg,416,304,right shoulder,182,132,193,144,187.5,138
sitting-60_jpg.rf.db91d90a8b96cbaa8a5a86c4e877164a.jpg,416,304,left elbow,250,136,259,146,254.5,141
sitting-60_jpg.rf.db91d90a8b96cbaa8a5a86c4e877164a.jpg,416,304,left wrist,271,138,280,147,275.5,142.5
sitting-60_jpg.rf.db91d90a8b96cbaa8a5a86c4e877164a.jpg,416,304,right elbow,167,158,177,168,172,163
sitting-60_jpg.rf.db91d90a8b96cbaa8a5a86c4e877164a.jpg,416,304,right wrist,155,172,166,183,160.5,177.5
sitting-60_jpg.rf.db91d90a8b96cbaa8a5a86c4e877164a.jpg,416,304,right hip,165,170,181,184,173,177
sitting-60_jpg.rf.db91d90a8b96cbaa8a5a86c4e877164a.jpg,416,304,left hip,186,175,205,194,195.5,184.5
sitting-60_jpg.rf.db91d90a8b96cbaa8a5a86c4e877164a.jpg,416,304,right knee,130,190,146,207,138,198.5
sitting-60_jpg.rf.db91d90a8b96cbaa8a5a86c4e877164a.jpg,416,304,left knee,161,196,176,212,168.5,204
sitting-60_jpg.rf.db91d90a8b96cbaa8a5a86c4e877164a.jpg,416,304,right ankle,116,234,134,250,125,242
sitting-60_jpg.rf.db91d90a8b96cbaa8a5a86c4e877164a.jpg,416,304,left ankle,143,235,161,255,152,245
sitting-42_jpg.rf.9bba38ed6898e8d68037deb04a856719.jpg,278,416,right ankle,90,334,117,359,103.5,346.5
sitting-42_jpg.rf.9bba38ed6898e8d68037deb04a856719.jpg,278,416,left ankle,156,339,181,364,168.5,351.5
sitting-42_jpg.rf.9bba38ed6898e8d68037deb04a856719.jpg,278,416,left eye,132,76,140,82,136,79
sitting-42_jpg.rf.9bba38ed6898e8d68037deb04a856719.jpg,278,416,right eye,118,79,128,85,123,82
sitting-42_jpg.rf.9bba38ed6898e8d68037deb04a856719.jpg,278,416,nose,127,83,135,91,131,87
sitting-42_jpg.rf.9bba38ed6898e8d68037deb04a856719.jpg,278,416,left ear,147,81,151,93,149,87
sitting-42_jpg.rf.9bba38ed6898e8d68037deb04a856719.jpg,278,416,right ear,114,89,118,100,116,94.5
sitting-42_jpg.rf.9bba38ed6898e8d68037deb04a856719.jpg,278,416,neck,121,108,149,125,135,116.5
sitting-42_jpg.rf.9bba38ed6898e8d68037deb04a856719.jpg,278,416,left shoulder,163,124,189,152,176,138
sitting-42_jpg.rf.9bba38ed6898e8d68037deb04a856719.jpg,278,416,right shoulder,85,132,106,155,95.5,143.5
sitting-42_jpg.rf.9bba38ed6898e8d68037deb04a856719.jpg,278,416,left elbow,195,178,217,195,206,186.5
sitting-42_jpg.rf.9bba38ed6898e8d68037deb04a856719.jpg,278,416,right elbow,67,180,84,194,75.5,187
sitting-42_jpg.rf.9bba38ed6898e8d68037deb04a856719.jpg,278,416,left wrist,177,211,194,229,185.5,220
sitting-42_jpg.rf.9bba38ed6898e8d68037deb04a856719.jpg,278,416,right hip,102,213,126,235,114,224
sitting-42_jpg.rf.9bba38ed6898e8d68037deb04a856719.jpg,278,416,right wrist,72,219,92,232,82,225.5
sitting-42_jpg.rf.9bba38ed6898e8d68037deb04a856719.jpg,278,416,left hip,141,213,168,240,154.5,226.5
sitting-42_jpg.rf.9bba38ed6898e8d68037deb04a856719.jpg,278,416,right knee,54,243,85,271,69.5,257
sitting-42_jpg.rf.9bba38ed6898e8d68037deb04a856719.jpg,278,416,left knee,179,245,212,272,195.5,258.5
sitting-46_jpg.rf.c29af02a34869f49ffa6735c6f7959cc.jpg,278,416,nose,143,47,152,56,147.5,51.5
sitting-46_jpg.rf.c29af02a34869f49ffa6735c6f7959cc.jpg,278,416,neck,123,66,155,90,139,78
sitting-46_jpg.rf.c29af02a34869f49ffa6735c6f7959cc.jpg,278,416,left shoulder,161,80,181,104,171,92
sitting-46_jpg.rf.c29af02a34869f49ffa6735c6f7959cc.jpg,278,416,right shoulder,81,84,110,109,95.5,96.5
sitting-46_jpg.rf.c29af02a34869f49ffa6735c6f7959cc.jpg,278,416,right wrist,26,97,45,113,35.5,105
sitting-46_jpg.rf.c29af02a34869f49ffa6735c6f7959cc.jpg,278,416,right elbow,38,116,59,140,48.5,128
sitting-46_jpg.rf.c29af02a34869f49ffa6735c6f7959cc.jpg,278,416,left elbow,176,121,196,142,186,131.5
sitting-46_jpg.rf.c29af02a34869f49ffa6735c6f7959cc.jpg,278,416,left wrist,172,159,194,177,183,168
sitting-46_jpg.rf.c29af02a34869f49ffa6735c6f7959cc.jpg,278,416,left hip,149,173,174,200,161.5,186.5
sitting-46_jpg.rf.c29af02a34869f49ffa6735c6f7959cc.jpg,278,416,right hip,102,173,140,206,121,189.5
sitting-46_jpg.rf.c29af02a34869f49ffa6735c6f7959cc.jpg,278,416,left knee,213,228,248,260,230.5,244
sitting-46_jpg.rf.c29af02a34869f49ffa6735c6f7959cc.jpg,278,416,left ankle,164,273,183,300,173.5,286.5
sitting-46_jpg.rf.c29af02a34869f49ffa6735c6f7959cc.jpg,278,416,right knee,134,273,162,301,148,287
sitting-46_jpg.rf.c29af02a34869f49ffa6735c6f7959cc.jpg,278,416,right ankle,125,351,152,376,138.5,363.5
sitting-46_jpg.rf.c29af02a34869f49ffa6735c6f7959cc.jpg,278,416,right eye,132,40,144,46,138,43
sitting-46_jpg.rf.c29af02a34869f49ffa6735c6f7959cc.jpg,278,416,left eye,149,41,159,48,154,44.5
sitting-46_jpg.rf.c29af02a34869f49ffa6735c6f7959cc.jpg,278,416,left ear,149,40,159,48,154,44
sitting-46_jpg.rf.c29af02a34869f49ffa6735c6f7959cc.jpg,278,416,right ear,120,37,127,54,123.5,45.5
sitting-63_jpg.rf.b1bc32dbc61acac8ed4f200aecd01e94.jpg,344,416,right ankle,110,316,134,343,122,329.5
sitting-63_jpg.rf.b1bc32dbc61acac8ed4f200aecd01e94.jpg,344,416,left ankle,205,333,229,360,217,346.5
sitting-63_jpg.rf.b1bc32dbc61acac8ed4f200aecd01e94.jpg,344,416,right eye,181,74,194,82,187.5,78
sitting-63_jpg.rf.b1bc32dbc61acac8ed4f200aecd01e94.jpg,344,416,left eye,199,76,210,85,204.5,80.5
sitting-63_jpg.rf.b1bc32dbc61acac8ed4f200aecd01e94.jpg,344,416,right ear,174,72,179,88,176.5,80
sitting-63_jpg.rf.b1bc32dbc61acac8ed4f200aecd01e94.jpg,344,416,left ear,210,77,214,93,212,85
sitting-63_jpg.rf.b1bc32dbc61acac8ed4f200aecd01e94.jpg,344,416,nose,188,79,201,93,194.5,86
sitting-63_jpg.rf.b1bc32dbc61acac8ed4f200aecd01e94.jpg,344,416,neck,174,98,205,123,189.5,110.5
sitting-63_jpg.rf.b1bc32dbc61acac8ed4f200aecd01e94.jpg,344,416,right shoulder,129,107,157,133,143,120
sitting-63_jpg.rf.b1bc32dbc61acac8ed4f200aecd01e94.jpg,344,416,left shoulder,210,121,235,149,222.5,135
sitting-63_jpg.rf.b1bc32dbc61acac8ed4f200aecd01e94.jpg,344,416,right wrist,50,155,64,178,57,166.5
sitting-63_jpg.rf.b1bc32dbc61acac8ed4f200aecd01e94.jpg,344,416,right elbow,97,157,124,185,110.5,171
sitting-63_jpg.rf.b1bc32dbc61acac8ed4f200aecd01e94.jpg,344,416,left wrist,280,175,300,195,290,185
sitting-63_jpg.rf.b1bc32dbc61acac8ed4f200aecd01e94.jpg,344,416,left elbow,225,179,250,206,237.5,192.5
sitting-63_jpg.rf.b1bc32dbc61acac8ed4f200aecd01e94.jpg,344,416,right hip,134,209,164,246,149,227.5
sitting-63_jpg.rf.b1bc32dbc61acac8ed4f200aecd01e94.jpg,344,416,left hip,180,213,206,245,193,229
sitting-63_jpg.rf.b1bc32dbc61acac8ed4f200aecd01e94.jpg,344,416,right knee,96,221,130,256,113,238.5
sitting-63_jpg.rf.b1bc32dbc61acac8ed4f200aecd01e94.jpg,344,416,left knee,217,228,249,259,233,243.5
sitting-44_jpg.rf.4172fad916ae7126640526bc165da138.jpg,416,278,left ear,277,60,286,79,281.5,69.5
sitting-44_jpg.rf.4172fad916ae7126640526bc165da138.jpg,416,278,left eye,250,67,265,74,257.5,70.5
sitting-44_jpg.rf.4172fad916ae7126640526bc165da138.jpg,416,278,right eye,232,71,246,80,239,75.5
sitting-44_jpg.rf.4172fad916ae7126640526bc165da138.jpg,416,278,right ear,232,71,246,80,239,75.5
sitting-44_jpg.rf.4172fad916ae7126640526bc165da138.jpg,416,278,nose,241,78,258,88,249.5,83
sitting-44_jpg.rf.4172fad916ae7126640526bc165da138.jpg,416,278,right wrist,87,84,108,110,97.5,97
sitting-44_jpg.rf.4172fad916ae7126640526bc165da138.jpg,416,278,right shoulder,221,87,245,115,233,101
sitting-44_jpg.rf.4172fad916ae7126640526bc165da138.jpg,416,278,right hip,221,89,244,116,232.5,102.5
sitting-44_jpg.rf.4172fad916ae7126640526bc165da138.jpg,416,278,right ankle,221,89,245,116,233,102.5
sitting-44_jpg.rf.4172fad916ae7126640526bc165da138.jpg,416,278,right knee,221,88,245,116,233,102
sitting-44_jpg.rf.4172fad916ae7126640526bc165da138.jpg,416,278,right elbow,160,94,189,123,174.5,108.5
sitting-44_jpg.rf.4172fad916ae7126640526bc165da138.jpg,416,278,left shoulder,304,95,338,125,321,110
sitting-44_jpg.rf.4172fad916ae7126640526bc165da138.jpg,416,278,neck,257,102,286,123,271.5,112.5
sitting-44_jpg.rf.4172fad916ae7126640526bc165da138.jpg,416,278,left elbow,328,175,355,202,341.5,188.5
sitting-44_jpg.rf.4172fad916ae7126640526bc165da138.jpg,416,278,left hip,238,212,277,257,257.5,234.5
sitting-44_jpg.rf.4172fad916ae7126640526bc165da138.jpg,416,278,left ankle,173,225,207,263,190,244
sitting-44_jpg.rf.4172fad916ae7126640526bc165da138.jpg,416,278,left knee,173,227,207,264,190,245.5
sitting-44_jpg.rf.4172fad916ae7126640526bc165da138.jpg,416,278,left wrist,346,247,363,264,354.5,255.5
sitting-64_jpg.rf.38adb2f5e3045f893d73a885c603963d.jpg,416,278,right eye,209,55,216,61,212.5,58
sitting-64_jpg.rf.38adb2f5e3045f893d73a885c603963d.jpg,416,278,left eye,219,55,227,62,223,58.5
sitting-64_jpg.rf.38adb2f5e3045f893d73a885c603963d.jpg,416,278,right ear,202,54,207,66,204.5,60
sitting-64_jpg.rf.38adb2f5e3045f893d73a885c603963d.jpg,416,278,left ear,229,55,233,67,231,61
sitting-64_jpg.rf.38adb2f5e3045f893d73a885c603963d.jpg,416,278,nose,214,59,220,67,217,63
sitting-64_jpg.rf.38adb2f5e3045f893d73a885c603963d.jpg,416,278,neck,205,72,227,91,216,81.5
sitting-64_jpg.rf.38adb2f5e3045f893d73a885c603963d.jpg,416,278,right shoulder,175,80,196,101,185.5,90.5
sitting-64_jpg.rf.38adb2f5e3045f893d73a885c603963d.jpg,416,278,left shoulder,234,82,257,102,245.5,92
sitting-64_jpg.rf.38adb2f5e3045f893d73a885c603963d.jpg,416,278,left wrist,302,92,313,104,307.5,98
sitting-64_jpg.rf.38adb2f5e3045f893d73a885c603963d.jpg,416,278,right wrist,121,94,134,107,127.5,100.5
sitting-64_jpg.rf.38adb2f5e3045f893d73a885c603963d.jpg,416,278,left elbow,267,111,283,127,275,119
sitting-64_jpg.rf.38adb2f5e3045f893d73a885c603963d.jpg,416,278,right elbow,149,112,165,129,157,120.5
sitting-64_jpg.rf.38adb2f5e3045f893d73a885c603963d.jpg,416,278,right knee,157,152,178,169,167.5,160.5
sitting-64_jpg.rf.38adb2f5e3045f893d73a885c603963d.jpg,416,278,left knee,252,150,276,172,264,161
sitting-64_jpg.rf.38adb2f5e3045f893d73a885c603963d.jpg,416,278,right ankle,165,218,179,234,172,226
sitting-64_jpg.rf.38adb2f5e3045f893d73a885c603963d.jpg,416,278,left ankle,244,219,261,236,252.5,227.5
sitting-84_jpg.rf.c520a333dcaa26b40583c23ba9f141bc.jpg,416,278,right eye,170,60,183,70,176.5,65
sitting-84_jpg.rf.c520a333dcaa26b40583c23ba9f141bc.jpg,416,278,left eye,192,60,205,72,198.5,66
sitting-84_jpg.rf.c520a333dcaa26b40583c23ba9f141bc.jpg,416,278,right ear,158,59,165,76,161.5,67.5
sitting-84_jpg.rf.c520a333dcaa26b40583c23ba9f141bc.jpg,416,278,nose,179,63,194,81,186.5,72
sitting-84_jpg.rf.c520a333dcaa26b40583c23ba9f141bc.jpg,416,278,left ear,206,66,211,82,208.5,74
sitting-84_jpg.rf.c520a333dcaa26b40583c23ba9f141bc.jpg,416,278,neck,165,89,203,118,184,103.5
sitting-84_jpg.rf.c520a333dcaa26b40583c23ba9f141bc.jpg,416,278,right shoulder,108,102,142,133,125,117.5
sitting-84_jpg.rf.c520a333dcaa26b40583c23ba9f141bc.jpg,416,278,right elbow,51,112,80,140,65.5,126
sitting-84_jpg.rf.c520a333dcaa26b40583c23ba9f141bc.jpg,416,278,left shoulder,222,112,251,151,236.5,131.5
sitting-84_jpg.rf.c520a333dcaa26b40583c23ba9f141bc.jpg,416,278,right wrist,14,125,45,145,29.5,135
sitting-84_jpg.rf.c520a333dcaa26b40583c23ba9f141bc.jpg,416,278,left elbow,288,130,316,164,302,147
sitting-84_jpg.rf.c520a333dcaa26b40583c23ba9f141bc.jpg,416,278,left wrist,341,138,361,166,351,152
sitting-84_jpg.rf.c520a333dcaa26b40583c23ba9f141bc.jpg,416,278,left hip,231,207,267,248,249,227.5
sitting-84_jpg.rf.c520a333dcaa26b40583c23ba9f141bc.jpg,416,278,right hip,162,207,202,254,182,230.5
sitting-84_jpg.rf.c520a333dcaa26b40583c23ba9f141bc.jpg,416,278,left ankle,310,207,363,260,336.5,233.5
sitting-84_jpg.rf.c520a333dcaa26b40583c23ba9f141bc.jpg,416,278,left knee,308,207,364,261,336,234
sitting-84_jpg.rf.c520a333dcaa26b40583c23ba9f141bc.jpg,416,278,right ankle,130,227,176,270,153,248.5
sitting-84_jpg.rf.c520a333dcaa26b40583c23ba9f141bc.jpg,416,278,right knee,130,227,176,270,153,248.5
sitting-83_jpg.rf.857879697e95a1f41b375e1040fd4365.jpg,278,416,right ankle,226,368,252,404,239,386
sitting-83_jpg.rf.857879697e95a1f41b375e1040fd4365.jpg,278,416,right ear,109,66,118,86,113.5,76
sitting-83_jpg.rf.857879697e95a1f41b375e1040fd4365.jpg,278,416,right eye,125,79,136,88,130.5,83.5
sitting-83_jpg.rf.857879697e95a1f41b375e1040fd4365.jpg,278,416,left eye,141,86,149,95,145,90.5
sitting-83_jpg.rf.857879697e95a1f41b375e1040fd4365.jpg,278,416,left ear,142,86,149,94,145.5,90
sitting-83_jpg.rf.857879697e95a1f41b375e1040fd4365.jpg,278,416,nose,128,89,138,104,133,96.5
sitting-83_jpg.rf.857879697e95a1f41b375e1040fd4365.jpg,278,416,neck,99,100,132,132,115.5,116
sitting-83_jpg.rf.857879697e95a1f41b375e1040fd4365.jpg,278,416,right shoulder,53,110,84,139,68.5,124.5
sitting-83_jpg.rf.857879697e95a1f41b375e1040fd4365.jpg,278,416,left shoulder,139,121,167,151,153,136
sitting-83_jpg.rf.857879697e95a1f41b375e1040fd4365.jpg,278,416,left elbow,156,187,189,215,172.5,201
sitting-83_jpg.rf.857879697e95a1f41b375e1040fd4365.jpg,278,416,right elbow,38,189,69,216,53.5,202.5
sitting-83_jpg.rf.857879697e95a1f41b375e1040fd4365.jpg,278,416,left ankle,131,209,163,246,147,227.5
sitting-83_jpg.rf.857879697e95a1f41b375e1040fd4365.jpg,278,416,left knee,131,209,163,245,147,227
sitting-83_jpg.rf.857879697e95a1f41b375e1040fd4365.jpg,278,416,left hip,130,210,163,246,146.5,228
sitting-83_jpg.rf.857879697e95a1f41b375e1040fd4365.jpg,278,416,right hip,74,210,114,250,94,230
sitting-83_jpg.rf.857879697e95a1f41b375e1040fd4365.jpg,278,416,left wrist,190,224,211,241,200.5,232.5
sitting-83_jpg.rf.857879697e95a1f41b375e1040fd4365.jpg,278,416,right wrist,45,264,70,282,57.5,273
sitting-83_jpg.rf.857879697e95a1f41b375e1040fd4365.jpg,278,416,right knee,143,285,179,322,161,303.5
sitting-68_jpg.rf.0a42184a8023a3ddf3c423a9a8920aa0.jpg,416,278,right eye,228,49,238,57,233,53
sitting-68_jpg.rf.0a42184a8023a3ddf3c423a9a8920aa0.jpg,416,278,left eye,244,50,252,59,248,54.5
sitting-68_jpg.rf.0a42184a8023a3ddf3c423a9a8920aa0.jpg,416,278,nose,235,57,246,67,240.5,62
sitting-68_jpg.rf.0a42184a8023a3ddf3c423a9a8920aa0.jpg,416,278,right shoulder,201,63,220,81,210.5,72
sitting-68_jpg.rf.0a42184a8023a3ddf3c423a9a8920aa0.jpg,416,278,neck,221,65,251,86,236,75.5
sitting-68_jpg.rf.0a42184a8023a3ddf3c423a9a8920aa0.jpg,416,278,right elbow,178,77,194,92,186,84.5
sitting-68_jpg.rf.0a42184a8023a3ddf3c423a9a8920aa0.jpg,416,278,left shoulder,249,76,266,97,257.5,86.5
sitting-68_jpg.rf.0a42184a8023a3ddf3c423a9a8920aa0.jpg,416,278,right wrist,155,87,168,99,161.5,93
sitting-68_jpg.rf.0a42184a8023a3ddf3c423a9a8920aa0.jpg,416,278,left elbow,277,88,290,112,283.5,100
sitting-68_jpg.rf.0a42184a8023a3ddf3c423a9a8920aa0.jpg,416,278,left wrist,311,108,320,122,315.5,115
sitting-68_jpg.rf.0a42184a8023a3ddf3c423a9a8920aa0.jpg,416,278,left hip,235,133,259,151,247,142
sitting-68_jpg.rf.0a42184a8023a3ddf3c423a9a8920aa0.jpg,416,278,right hip,198,137,222,155,210,146
sitting-68_jpg.rf.0a42184a8023a3ddf3c423a9a8920aa0.jpg,416,278,left knee,254,161,276,184,265,172.5
sitting-68_jpg.rf.0a42184a8023a3ddf3c423a9a8920aa0.jpg,416,278,right knee,187,170,212,187,199.5,178.5
sitting-68_jpg.rf.0a42184a8023a3ddf3c423a9a8920aa0.jpg,416,278,right ankle,202,204,218,218,210,211
sitting-68_jpg.rf.0a42184a8023a3ddf3c423a9a8920aa0.jpg,416,278,left ankle,262,212,281,226,271.5,219
sitting-51_jpg.rf.e1280d3ae17f7b347bc16132d411c8a2.jpg,416,278,neck,174,75,191,88,182.5,81.5
sitting-51_jpg.rf.e1280d3ae17f7b347bc16132d411c8a2.jpg,416,278,left shoulder,200,87,215,102,207.5,94.5
sitting-51_jpg.rf.e1280d3ae17f7b347bc16132d411c8a2.jpg,416,278,right shoulder,144,86,162,103,153,94.5
sitting-51_jpg.rf.e1280d3ae17f7b347bc16132d411c8a2.jpg,416,278,left wrist,199,87,213,101,206,94
sitting-51_jpg.rf.e1280d3ae17f7b347bc16132d411c8a2.jpg,416,278,left elbow,200,86,215,102,207.5,94
sitting-51_jpg.rf.e1280d3ae17f7b347bc16132d411c8a2.jpg,416,278,right wrist,114,107,122,116,118,111.5
sitting-51_jpg.rf.e1280d3ae17f7b347bc16132d411c8a2.jpg,416,278,right elbow,130,125,143,140,136.5,132.5
sitting-51_jpg.rf.e1280d3ae17f7b347bc16132d411c8a2.jpg,416,278,right hip,156,132,176,151,166,141.5
sitting-51_jpg.rf.e1280d3ae17f7b347bc16132d411c8a2.jpg,416,278,left hip,181,131,199,151,190,141
sitting-51_jpg.rf.e1280d3ae17f7b347bc16132d411c8a2.jpg,416,278,left ankle,206,159,226,174,216,166.5
sitting-51_jpg.rf.e1280d3ae17f7b347bc16132d411c8a2.jpg,416,278,left knee,205,158,227,175,216,166.5
sitting-51_jpg.rf.e1280d3ae17f7b347bc16132d411c8a2.jpg,416,278,right knee,141,161,162,178,151.5,169.5
sitting-51_jpg.rf.e1280d3ae17f7b347bc16132d411c8a2.jpg,416,278,right ankle,174,212,194,227,184,219.5
sitting-51_jpg.rf.e1280d3ae17f7b347bc16132d411c8a2.jpg,416,278,right eye,176,54,183,58,179.5,56
sitting-51_jpg.rf.e1280d3ae17f7b347bc16132d411c8a2.jpg,416,278,left eye,187,55,192,60,189.5,57.5
sitting-51_jpg.rf.e1280d3ae17f7b347bc16132d411c8a2.jpg,416,278,right ear,169,54,173,62,171,58
sitting-51_jpg.rf.e1280d3ae17f7b347bc16132d411c8a2.jpg,416,278,nose,182,58,187,64,184.5,61
sitting-51_jpg.rf.e1280d3ae17f7b347bc16132d411c8a2.jpg,416,278,left ear,194,58,196,67,195,62.5
sitting-74_jpg.rf.433e9af594b07e407ac632a5fbfd32ba.jpg,278,416,right ear,159,102,166,120,162.5,111
sitting-74_jpg.rf.433e9af594b07e407ac632a5fbfd32ba.jpg,278,416,right eye,168,110,180,118,174,114
sitting-74_jpg.rf.433e9af594b07e407ac632a5fbfd32ba.jpg,278,416,left eye,185,114,194,124,189.5,119
sitting-74_jpg.rf.433e9af594b07e407ac632a5fbfd32ba.jpg,278,416,left ear,194,115,199,129,196.5,122
sitting-74_jpg.rf.433e9af594b07e407ac632a5fbfd32ba.jpg,278,416,nose,174,118,183,132,178.5,125
sitting-74_jpg.rf.433e9af594b07e407ac632a5fbfd32ba.jpg,278,416,neck,150,130,188,163,169,146.5
sitting-74_jpg.rf.433e9af594b07e407ac632a5fbfd32ba.jpg,278,416,right knee,112,132,138,163,125,147.5
sitting-74_jpg.rf.433e9af594b07e407ac632a5fbfd32ba.jpg,278,416,right hip,113,133,138,163,125.5,148
sitting-74_jpg.rf.433e9af594b07e407ac632a5fbfd32ba.jpg,278,416,right shoulder,112,132,139,165,125.5,148.5
sitting-74_jpg.rf.433e9af594b07e407ac632a5fbfd32ba.jpg,278,416,right ankle,113,133,138,164,125.5,148.5
sitting-74_jpg.rf.433e9af594b07e407ac632a5fbfd32ba.jpg,278,416,left wrist,228,149,254,165,241,157
sitting-74_jpg.rf.433e9af594b07e407ac632a5fbfd32ba.jpg,278,416,right wrist,59,153,81,179,70,166
sitting-74_jpg.rf.433e9af594b07e407ac632a5fbfd32ba.jpg,278,416,right elbow,60,153,81,179,70.5,166
sitting-74_jpg.rf.433e9af594b07e407ac632a5fbfd32ba.jpg,278,416,left shoulder,197,154,220,185,208.5,169.5
sitting-74_jpg.rf.433e9af594b07e407ac632a5fbfd32ba.jpg,278,416,left elbow,225,192,247,216,236,204
sitting-74_jpg.rf.433e9af594b07e407ac632a5fbfd32ba.jpg,278,416,left hip,158,234,189,263,173.5,248.5
sitting-74_jpg.rf.433e9af594b07e407ac632a5fbfd32ba.jpg,278,416,left knee,197,267,227,299,212,283
sitting-74_jpg.rf.433e9af594b07e407ac632a5fbfd32ba.jpg,278,416,left ankle,158,330,180,356,169,343
sitting-66_jpg.rf.a5c1211305668533a9ae21a14e1a9549.jpg,416,278,left eye,247,59,257,66,252,62.5
sitting-66_jpg.rf.a5c1211305668533a9ae21a14e1a9549.jpg,416,278,right eye,231,58,244,66,237.5,62
sitting-66_jpg.rf.a5c1211305668533a9ae21a14e1a9549.jpg,416,278,nose,241,63,250,72,245.5,67.5
sitting-66_jpg.rf.a5c1211305668533a9ae21a14e1a9549.jpg,416,278,left wrist,275,62,286,79,280.5,70.5
sitting-66_jpg.rf.a5c1211305668533a9ae21a14e1a9549.jpg,416,278,left ear,256,68,262,79,259,73.5
sitting-66_jpg.rf.a5c1211305668533a9ae21a14e1a9549.jpg,416,278,right ear,226,68,234,81,230,74.5
sitting-66_jpg.rf.a5c1211305668533a9ae21a14e1a9549.jpg,416,278,right wrist,201,74,217,91,209,82.5
sitting-66_jpg.rf.a5c1211305668533a9ae21a14e1a9549.jpg,416,278,neck,235,89,261,106,248,97.5
sitting-66_jpg.rf.a5c1211305668533a9ae21a14e1a9549.jpg,416,278,left shoulder,268,85,289,113,278.5,99
sitting-66_jpg.rf.a5c1211305668533a9ae21a14e1a9549.jpg,416,278,left elbow,303,91,327,111,315,101
sitting-66_jpg.rf.a5c1211305668533a9ae21a14e1a9549.jpg,416,278,right shoulder,206,93,227,113,216.5,103
sitting-66_jpg.rf.a5c1211305668533a9ae21a14e1a9549.jpg,416,278,right elbow,170,101,193,122,181.5,111.5
sitting-66_jpg.rf.a5c1211305668533a9ae21a14e1a9549.jpg,416,278,left hip,257,173,276,197,266.5,185
sitting-66_jpg.rf.a5c1211305668533a9ae21a14e1a9549.jpg,416,278,right hip,220,174,246,199,233,186.5
sitting-66_jpg.rf.a5c1211305668533a9ae21a14e1a9549.jpg,416,278,right knee,183,189,204,211,193.5,200
sitting-66_jpg.rf.a5c1211305668533a9ae21a14e1a9549.jpg,416,278,left knee,308,194,332,217,320,205.5
sitting-66_jpg.rf.a5c1211305668533a9ae21a14e1a9549.jpg,416,278,left ankle,308,194,332,217,320,205.5
sitting-66_jpg.rf.a5c1211305668533a9ae21a14e1a9549.jpg,416,278,right ankle,267,219,289,241,278,230
sitting-69_jpg.rf.ea8c3f4cb8c4412c656c22ec26ba91ec.jpg,278,416,left elbow,198,72,227,102,212.5,87
sitting-69_jpg.rf.ea8c3f4cb8c4412c656c22ec26ba91ec.jpg,278,416,left eye,136,87,147,94,141.5,90.5
sitting-69_jpg.rf.ea8c3f4cb8c4412c656c22ec26ba91ec.jpg,278,416,right ear,123,87,130,94,126.5,90.5
sitting-69_jpg.rf.ea8c3f4cb8c4412c656c22ec26ba91ec.jpg,278,416,right eye,121,87,131,94,126,90.5
sitting-69_jpg.rf.ea8c3f4cb8c4412c656c22ec26ba91ec.jpg,278,416,right elbow,47,79,80,105,63.5,92
sitting-69_jpg.rf.ea8c3f4cb8c4412c656c22ec26ba91ec.jpg,278,416,left wrist,159,83,172,102,165.5,92.5
sitting-69_jpg.rf.ea8c3f4cb8c4412c656c22ec26ba91ec.jpg,278,416,right wrist,99,84,114,104,106.5,94
sitting-69_jpg.rf.ea8c3f4cb8c4412c656c22ec26ba91ec.jpg,278,416,nose,127,90,138,100,132.5,95
sitting-69_jpg.rf.ea8c3f4cb8c4412c656c22ec26ba91ec.jpg,278,416,left ear,152,90,159,105,155.5,97.5
sitting-69_jpg.rf.ea8c3f4cb8c4412c656c22ec26ba91ec.jpg,278,416,neck,120,113,146,127,133,120
sitting-69_jpg.rf.ea8c3f4cb8c4412c656c22ec26ba91ec.jpg,278,416,left shoulder,167,112,189,138,178,125
sitting-69_jpg.rf.ea8c3f4cb8c4412c656c22ec26ba91ec.jpg,278,416,right shoulder,83,113,109,140,96,126.5
sitting-69_jpg.rf.ea8c3f4cb8c4412c656c22ec26ba91ec.jpg,278,416,left hip,147,219,184,253,165.5,236
sitting-69_jpg.rf.ea8c3f4cb8c4412c656c22ec26ba91ec.jpg,278,416,right hip,94,221,133,261,113.5,241
sitting-69_jpg.rf.ea8c3f4cb8c4412c656c22ec26ba91ec.jpg,278,416,left knee,197,276,229,308,213,292
sitting-69_jpg.rf.ea8c3f4cb8c4412c656c22ec26ba91ec.jpg,278,416,right knee,53,280,89,311,71,295.5
sitting-69_jpg.rf.ea8c3f4cb8c4412c656c22ec26ba91ec.jpg,278,416,left ankle,155,322,182,345,168.5,333.5
sitting-69_jpg.rf.ea8c3f4cb8c4412c656c22ec26ba91ec.jpg,278,416,right ankle,103,327,137,352,120,339.5
sitting-56_jpg.rf.a65d0eeabdea66f9a783864f18ef6386.jpg,416,274,left wrist,175,104,183,113,179,108.5
sitting-56_jpg.rf.a65d0eeabdea66f9a783864f18ef6386.jpg,416,274,left elbow,154,106,170,123,162,114.5
sitting-56_jpg.rf.a65d0eeabdea66f9a783864f18ef6386.jpg,416,274,right elbow,73,105,91,124,82,114.5
sitting-56_jpg.rf.a65d0eeabdea66f9a783864f18ef6386.jpg,416,274,left hip,132,126,153,147,142.5,136.5
sitting-56_jpg.rf.a65d0eeabdea66f9a783864f18ef6386.jpg,416,274,right hip,101,129,124,152,112.5,140.5
sitting-56_jpg.rf.a65d0eeabdea66f9a783864f18ef6386.jpg,416,274,right wrist,76,143,90,155,83,149
sitting-56_jpg.rf.a65d0eeabdea66f9a783864f18ef6386.jpg,416,274,left knee,159,147,183,169,171,158
sitting-56_jpg.rf.a65d0eeabdea66f9a783864f18ef6386.jpg,416,274,left ankle,160,149,182,170,171,159.5
sitting-56_jpg.rf.a65d0eeabdea66f9a783864f18ef6386.jpg,416,274,right knee,119,150,142,173,130.5,161.5
sitting-56_jpg.rf.a65d0eeabdea66f9a783864f18ef6386.jpg,416,274,right ankle,154,217,173,234,163.5,225.5
sitting-56_jpg.rf.a65d0eeabdea66f9a783864f18ef6386.jpg,416,274,right ear,122,30,129,42,125.5,36
sitting-56_jpg.rf.a65d0eeabdea66f9a783864f18ef6386.jpg,416,274,right eye,138,35,145,41,141.5,38
sitting-56_jpg.rf.a65d0eeabdea66f9a783864f18ef6386.jpg,416,274,left eye,146,37,150,42,148,39.5
sitting-56_jpg.rf.a65d0eeabdea66f9a783864f18ef6386.jpg,416,274,left ear,146,37,150,42,148,39.5
sitting-56_jpg.rf.a65d0eeabdea66f9a783864f18ef6386.jpg,416,274,nose,144,40,149,48,146.5,44
sitting-56_jpg.rf.a65d0eeabdea66f9a783864f18ef6386.jpg,416,274,neck,121,49,140,67,130.5,58
sitting-56_jpg.rf.a65d0eeabdea66f9a783864f18ef6386.jpg,416,274,right shoulder,91,61,110,81,100.5,71
sitting-56_jpg.rf.a65d0eeabdea66f9a783864f18ef6386.jpg,416,274,left shoulder,147,63,163,83,155,73
sitting-81_jpg.rf.d284f9d0a8ed20d9ef013026cb79ab87.jpg,278,416,right wrist,48,53,65,64,56.5,58.5
sitting-81_jpg.rf.d284f9d0a8ed20d9ef013026cb79ab87.jpg,278,416,left ear,135,100,144,115,139.5,107.5
sitting-81_jpg.rf.d284f9d0a8ed20d9ef013026cb79ab87.jpg,278,416,right elbow,57,98,78,119,67.5,108.5
sitting-81_jpg.rf.d284f9d0a8ed20d9ef013026cb79ab87.jpg,278,416,left eye,120,111,130,116,125,113.5
sitting-81_jpg.rf.d284f9d0a8ed20d9ef013026cb79ab87.jpg,278,416,right eye,108,118,117,124,112.5,121
sitting-81_jpg.rf.d284f9d0a8ed20d9ef013026cb79ab87.jpg,278,416,right ear,108,118,116,124,112,121
sitting-81_jpg.rf.d284f9d0a8ed20d9ef013026cb79ab87.jpg,278,416,nose,117,118,128,128,122.5,123
sitting-81_jpg.rf.d284f9d0a8ed20d9ef013026cb79ab87.jpg,278,416,right shoulder,97,127,114,155,105.5,141
sitting-81_jpg.rf.d284f9d0a8ed20d9ef013026cb79ab87.jpg,278,416,neck,121,135,152,152,136.5,143.5
sitting-81_jpg.rf.d284f9d0a8ed20d9ef013026cb79ab87.jpg,278,416,left shoulder,160,133,183,155,171.5,144
sitting-81_jpg.rf.d284f9d0a8ed20d9ef013026cb79ab87.jpg,278,416,left elbow,195,170,213,190,204,180
sitting-81_jpg.rf.d284f9d0a8ed20d9ef013026cb79ab87.jpg,278,416,left wrist,219,200,233,212,226,206
sitting-81_jpg.rf.d284f9d0a8ed20d9ef013026cb79ab87.jpg,278,416,right hip,109,236,132,259,120.5,247.5
sitting-81_jpg.rf.d284f9d0a8ed20d9ef013026cb79ab87.jpg,278,416,left hip,145,234,169,262,157,248
sitting-81_jpg.rf.d284f9d0a8ed20d9ef013026cb79ab87.jpg,278,416,left knee,165,260,199,287,182,273.5
sitting-81_jpg.rf.d284f9d0a8ed20d9ef013026cb79ab87.jpg,278,416,right knee,79,268,109,292,94,280
sitting-81_jpg.rf.d284f9d0a8ed20d9ef013026cb79ab87.jpg,278,416,right ankle,115,335,133,352,124,343.5
sitting-81_jpg.rf.d284f9d0a8ed20d9ef013026cb79ab87.jpg,278,416,left ankle,140,345,159,362,149.5,353.5
sitting-71_jpg.rf.63e841a364032e80ca76c4b256ea6aee.jpg,326,416,right ear,130,49,141,59,135.5,54
sitting-71_jpg.rf.63e841a364032e80ca76c4b256ea6aee.jpg,326,416,right eye,129,49,142,60,135.5,54.5
sitting-71_jpg.rf.63e841a364032e80ca76c4b256ea6aee.jpg,326,416,left ear,149,50,157,60,153,55
sitting-71_jpg.rf.63e841a364032e80ca76c4b256ea6aee.jpg,326,416,left eye,148,50,158,61,153,55.5
sitting-71_jpg.rf.63e841a364032e80ca76c4b256ea6aee.jpg,326,416,nose,140,56,150,68,145,62
sitting-71_jpg.rf.63e841a364032e80ca76c4b256ea6aee.jpg,326,416,neck,129,75,165,101,147,88
sitting-71_jpg.rf.63e841a364032e80ca76c4b256ea6aee.jpg,326,416,left shoulder,173,88,199,115,186,101.5
sitting-71_jpg.rf.63e841a364032e80ca76c4b256ea6aee.jpg,326,416,right shoulder,97,92,123,120,110,106
sitting-71_jpg.rf.63e841a364032e80ca76c4b256ea6aee.jpg,326,416,left elbow,197,149,225,174,211,161.5
sitting-71_jpg.rf.63e841a364032e80ca76c4b256ea6aee.jpg,326,416,right elbow,69,150,95,181,82,165.5
sitting-71_jpg.rf.63e841a364032e80ca76c4b256ea6aee.jpg,326,416,left wrist,232,202,258,220,245,211
sitting-71_jpg.rf.63e841a364032e80ca76c4b256ea6aee.jpg,326,416,left hip,164,195,192,227,178,211
sitting-71_jpg.rf.63e841a364032e80ca76c4b256ea6aee.jpg,326,416,right hip,114,193,143,229,128.5,211
sitting-71_jpg.rf.63e841a364032e80ca76c4b256ea6aee.jpg,326,416,right wrist,41,208,64,226,52.5,217
sitting-71_jpg.rf.63e841a364032e80ca76c4b256ea6aee.jpg,326,416,right knee,30,230,58,256,44,243
sitting-71_jpg.rf.63e841a364032e80ca76c4b256ea6aee.jpg,326,416,left knee,244,229,277,264,260.5,246.5
sitting-71_jpg.rf.63e841a364032e80ca76c4b256ea6aee.jpg,326,416,right ankle,50,331,75,357,62.5,344
sitting-71_jpg.rf.63e841a364032e80ca76c4b256ea6aee.jpg,326,416,left ankle,249,337,274,359,261.5,348
sitting-62_jpg.rf.ed2aff04e62c619ba1c5228016a713d1.jpg,416,278,left eye,257,130,267,139,262,134.5
sitting-62_jpg.rf.ed2aff04e62c619ba1c5228016a713d1.jpg,416,278,right eye,247,132,255,139,251,135.5
sitting-62_jpg.rf.ed2aff04e62c619ba1c5228016a713d1.jpg,416,278,right ear,247,132,256,138,251.5,135
sitting-62_jpg.rf.ed2aff04e62c619ba1c5228016a713d1.jpg,416,278,nose,249,135,257,146,253,140.5
sitting-62_jpg.rf.ed2aff04e62c619ba1c5228016a713d1.jpg,416,278,left ear,277,137,285,152,281,144.5
sitting-62_jpg.rf.ed2aff04e62c619ba1c5228016a713d1.jpg,416,278,neck,250,153,278,172,264,162.5
sitting-62_jpg.rf.ed2aff04e62c619ba1c5228016a713d1.jpg,416,278,right shoulder,222,162,240,179,231,170.5
sitting-62_jpg.rf.ed2aff04e62c619ba1c5228016a713d1.jpg,416,278,left shoulder,289,163,309,184,299,173.5
sitting-62_jpg.rf.ed2aff04e62c619ba1c5228016a713d1.jpg,416,278,right wrist,158,166,169,184,163.5,175
sitting-62_jpg.rf.ed2aff04e62c619ba1c5228016a713d1.jpg,416,278,right elbow,192,167,207,185,199.5,176
sitting-62_jpg.rf.ed2aff04e62c619ba1c5228016a713d1.jpg,416,278,left elbow,326,174,346,195,336,184.5
sitting-62_jpg.rf.ed2aff04e62c619ba1c5228016a713d1.jpg,416,278,left wrist,312,197,328,216,320,206.5
sitting-62_jpg.rf.ed2aff04e62c619ba1c5228016a713d1.jpg,416,278,right hip,186,225,214,252,200,238.5
sitting-62_jpg.rf.ed2aff04e62c619ba1c5228016a713d1.jpg,416,278,left hip,226,235,255,267,240.5,251
sitting-62_jpg.rf.ed2aff04e62c619ba1c5228016a713d1.jpg,416,278,right knee,101,242,134,270,117.5,256
sitting-62_jpg.rf.ed2aff04e62c619ba1c5228016a713d1.jpg,416,278,right ankle,101,243,133,270,117,256.5
sitting-62_jpg.rf.ed2aff04e62c619ba1c5228016a713d1.jpg,416,278,left ankle,178,251,202,275,190,263
sitting-62_jpg.rf.ed2aff04e62c619ba1c5228016a713d1.jpg,416,278,left knee,177,250,203,276,190,263
sitting-43_jpg.rf.d420fd30c0e82b29ffcf2591cf0c1352.jpg,278,416,right eye,131,76,141,82,136,79
sitting-43_jpg.rf.d420fd30c0e82b29ffcf2591cf0c1352.jpg,278,416,left eye,146,77,154,84,150,80.5
sitting-43_jpg.rf.d420fd30c0e82b29ffcf2591cf0c1352.jpg,278,416,nose,139,79,148,87,143.5,83
sitting-43_jpg.rf.d420fd30c0e82b29ffcf2591cf0c1352.jpg,278,416,right ear,124,86,130,98,127,92
sitting-43_jpg.rf.d420fd30c0e82b29ffcf2591cf0c1352.jpg,278,416,left ear,156,89,161,100,158.5,94.5
sitting-43_jpg.rf.d420fd30c0e82b29ffcf2591cf0c1352.jpg,278,416,neck,131,101,154,117,142.5,109
sitting-43_jpg.rf.d420fd30c0e82b29ffcf2591cf0c1352.jpg,278,416,right wrist,67,105,83,118,75,111.5
sitting-43_jpg.rf.d420fd30c0e82b29ffcf2591cf0c1352.jpg,278,416,left wrist,200,111,217,124,208.5,117.5
sitting-43_jpg.rf.d420fd30c0e82b29ffcf2591cf0c1352.jpg,278,416,right shoulder,95,114,115,136,105,125
sitting-43_jpg.rf.d420fd30c0e82b29ffcf2591cf0c1352.jpg,278,416,left shoulder,164,118,183,136,173.5,127
sitting-43_jpg.rf.d420fd30c0e82b29ffcf2591cf0c1352.jpg,278,416,right elbow,52,145,74,162,63,153.5
sitting-43_jpg.rf.d420fd30c0e82b29ffcf2591cf0c1352.jpg,278,416,left elbow,210,149,231,168,220.5,158.5
sitting-43_jpg.rf.d420fd30c0e82b29ffcf2591cf0c1352.jpg,278,416,right hip,104,192,128,217,116,204.5
sitting-43_jpg.rf.d420fd30c0e82b29ffcf2591cf0c1352.jpg,278,416,left hip,141,192,165,219,153,205.5
sitting-43_jpg.rf.d420fd30c0e82b29ffcf2591cf0c1352.jpg,278,416,left knee,176,223,206,250,191,236.5
sitting-43_jpg.rf.d420fd30c0e82b29ffcf2591cf0c1352.jpg,278,416,right knee,67,226,94,250,80.5,238
sitting-43_jpg.rf.d420fd30c0e82b29ffcf2591cf0c1352.jpg,278,416,left ankle,158,312,180,336,169,324
sitting-43_jpg.rf.d420fd30c0e82b29ffcf2591cf0c1352.jpg,278,416,right ankle,75,313,98,338,86.5,325.5
